Genes,baseMean,log2FoldChange,lfcSE,stat,pvalue,padj
Lyz2,16.3916068684889,4.91358237244904,0.335882124986959,14.6288891456782,1.8376297815263198e-48,5.2033780632315797e-48
S100a8,11.8359765801964,4.43497179296787,0.339206834009757,13.0745354996011,4.6036746460899e-39,1.21492323825022e-38
Ifitm3,6.50686296588023,3.30327718682226,0.265154610252248,12.457928540936,1.26616825899718e-35,3.2288218426796697e-35
S100a9,5.65423908946887,3.27521635819415,0.303613944912338,10.787437181582,3.94641399778015e-27,9.23779420108179e-27
Mgp,4.71919315268884,2.96535770466541,0.289369093307417,10.2476656051001,1.21236136596858e-24,2.74794890592966e-24
Cebpb,4.61885976510492,2.92061841489781,0.260380367910497,11.2167381832018,3.37489890677101e-29,8.09417518646665e-29
Ccl6,4.30213015319158,2.82040968209499,0.267979547099188,10.5247199371192,6.64587856703693e-26,1.5323094575942e-25
Dusp1,4.20460341064699,2.7756969292656,0.234572784254887,11.8329879490603,2.63588735619516e-32,6.51792136396908e-32
S100a6,4.24274686772745,2.75123768653841,0.251860827715806,10.9236426779429,8.88589686737646e-28,2.09694311246406e-27
Gsn,4.08615432653169,2.71035314816115,0.284402531563266,9.52998953020299,1.57299092911447e-21,3.42982984543756e-21
Sepx1,3.77278244976723,2.57946510147521,0.247693699787875,10.4139310111007,2.14190287267435e-25,4.913528013781629e-25
Fos,3.75513681735829,2.18131339094404,0.227849953394572,9.57346428404408,1.03382247781036e-21,2.2636549220512e-21
Scgb1a1,2.89619839674798,2.1499438331133,0.199273039334837,10.7889348217386,3.88263467913605e-27,9.09665755165626e-27
Anxa2,2.93291157217852,2.13946407135041,0.221131765154405,9.675064411739,3.84849229796875e-22,8.46392660433828e-22
Cldn5,2.83442837075756,2.1048960801128,0.25536201999841,8.2427922528413,1.6823754044839002e-16,3.45068747010057e-16
Gm1821,3.01711647283982,2.10286646531629,0.19680647028205,10.6849457860944,1.19718982956722e-26,2.78304649759113e-26
Inmt,2.63884050812956,1.97303489510112,0.265960251182822,7.41853298124932,1.18424689907373e-13,2.32659721985881e-13
Sepp1,2.56304743433698,1.8691881580708,0.220035613419551,8.49493465635829,1.98044299471747e-17,4.10968492642623e-17
Lst1,2.55511552511376,1.86122153461238,0.244639454938453,7.60801864556407,2.78329694970411e-14,5.52111346283696e-14
Gpx3,2.32684059266428,1.7337126741757,0.256077830797609,6.77025679566121,1.2855401339689699e-11,2.4441884900083798e-11
Tmem100,2.21103773451522,1.633060860918,0.242366761609264,6.73797368118807,1.6061065084991598e-11,3.05034599758619e-11
Igfbp7,2.16211183111395,1.58911458870236,0.243905263300554,6.51529436961827,7.25472441383229e-11,1.36418088761544e-10
Retnlg,2.18403731755796,1.58031321983431,0.247907143457046,6.37461751927338,1.8342012364534201e-10,3.4194751622453004e-10
Lgals1,3.93586821345479,1.55709781871857,0.240073278093581,6.48592725972448,8.818770837629559e-11,1.65470825925328e-10
Alox5ap,2.42225732322977,1.53488039610651,0.222137763843738,6.90958785911887,4.86063759502806e-12,9.31614769452781e-12
S100a4,2.15915414522746,1.47035183058914,0.245999632640904,5.97704888744885,2.2721602932579803e-9,4.1572648898726504e-9
Cxcl2,2.01494383480382,1.44716587359228,0.23906985750879,6.05331800785079,1.41892360589309e-9,2.6066448082920703e-9
Ramp2,2.44164635334052,1.43907542464765,0.231905692413597,6.20543381091787,5.45462254598402e-10,1.0086124580246802e-9
Anxa5,2.02590643156178,1.38182133579083,0.207311033166944,6.66545004711868,2.63855545132941e-11,4.98760074450101e-11
Egfl7,1.93137973967051,1.35818447821726,0.226352428282543,6.00030884812032,1.96942571536041e-9,3.6077916245591604e-9
Ctla2a,2.04058331044021,1.35039637974291,0.223493281210118,6.04222360704138,1.52004600019556e-9,2.7899578484602e-9
Sparc,1.98762104710756,1.34565933343489,0.234614390626937,5.73562145885008,9.71554374424045e-9,1.75758580297817e-8
Cebpd,1.95364971759898,1.31826422708506,0.218478872162961,6.0338293311116,1.6011917405492101e-9,2.93734699900436e-9
Ahnak,1.96970577701003,1.29674102612548,0.204457947869648,6.34233611183566,2.26306903660757e-10,4.21298872007543e-10
Smpdl3a,1.96513098141334,1.29137949168833,0.210283625315627,6.14113195808766,8.19354805414647e-10,1.5099848488135801e-9
Trf,1.86226872638628,1.28001888252298,0.216169955322557,5.9213542446868,3.19301227528368e-9,5.82068240858418e-9
Il1b,1.84731370685074,1.25064967332839,0.228320231704741,5.47761214146677,4.31103792987554e-8,7.71332236296498e-8
Pltp,1.84677647222419,1.24684612440255,0.214870333927763,5.80278394699998,6.522281117304151e-9,1.18277948349236e-8
Atox1,2.87069651123453,1.22964232188751,0.205575972057692,5.98144962944612,2.2116045182374303e-9,4.047955490080481e-9
Gstm1,1.85755671026972,1.21932722305084,0.209517992672846,5.81967785914583,5.896115329112731e-9,1.06997121564291e-8
Plac9,1.80310400047637,1.21325339180343,0.233551281899897,5.19480510632969,2.04934416991044e-7,3.61282558829196e-7
Icam2,1.87739002264557,1.19161406552473,0.212271855650523,5.61362250248832,1.98134215401547e-8,3.56641587722784e-8
Ehd4,1.81173289365451,1.1907149809339,0.21611402565107601,5.5096608253291,3.59525780463112e-8,6.43816320417648e-8
Mpeg1,1.79767860136473,1.18354816981819,0.215576536708456,5.49015300036484,4.01585717449554e-8,7.18764767730729e-8
Tspan7,1.7758300533831,1.17751309078219,0.220836462306107,5.33205920112055,9.71052681821575e-8,1.72675694059227e-7
Aplp2,1.8088894341757,1.17614027600883,0.20446816045139,5.75219277863288,8.8093261078891e-9,1.59475229003576e-8
Tm4sf1,1.77086782684324,1.1692389756172,0.227338212111687,5.1431695743379,2.70141578240168e-7,4.75194284216909e-7
Flna,2.00005169860184,1.13997381619725,0.201142495239819,5.66749365835441,1.44901416541746e-8,2.61453644779784e-8
Sdpr,1.73930034825395,1.13275577151257,0.223163290832776,5.07590548286626,3.85654975852559e-7,6.76337636133163e-7
Cd36,1.7609520260155,1.13231098023734,0.211445141069446,5.35510522734331,8.55066403917142e-8,1.52206193638448e-7
Ms4a6c,1.80945925534017,1.12910400187665,0.226105654755471,4.9937008567864,5.92331215645264e-7,1.03600902853687e-6
Plvap,1.73376215088694,1.12383364754159,0.222695017873964,5.04651454833007,4.49942646730367e-7,7.88551490996312e-7
Serpinh1,1.72623406147935,1.11735343605935,0.215994527793318,5.17306363024404,2.3028654661327e-7,4.05565375614463e-7
Dstn,1.75288923741373,1.1067004881765,0.204553418439103,5.41032507117927,6.29104481655109e-8,1.12347772639058e-7
Klf4,1.84035974873967,1.0936332139345,0.208558979430917,5.24375990388249,1.57336914247817e-7,2.78029347452135e-7
Sgk1,1.71217673610583,1.09154376191198,0.208957682950104,5.2237550996037,1.75330635979809e-7,3.09616346351355e-7
Mt1,1.72003117898017,1.08861216598714,0.221380107577545,4.9173892717792,8.77060366614965e-7,1.52812253462287e-6
Tmem176b,1.76556571471872,1.0821268841739,0.214909251443825,5.03527361853365,4.77166749291568e-7,8.36123004800935e-7
Clec14a,1.70004476240779,1.08206438824055,0.219981700007902,4.91888365351152,8.70391827620161e-7,1.51701013027621e-6
Zyx,1.77284174160194,1.08205056392418,0.199856428752998,5.41413939334164,6.15841782061078e-8,1.1001690973165e-7
Gpx1,5.55364506895017,1.07286600004085,0.242766333550797,4.41933601067615,9.90046141338469e-6,1.67603076302475e-5
Id1,1.68777234997471,1.06647686889388,0.21264099725072,5.01538688532589,5.2926855454923e-7,9.26641574625853e-7
Xbp1,1.79165659154098,1.05609534527316,0.200529929923572,5.266522287599,1.39032374451639e-7,2.46214333562436e-7
Eln,1.6782147739222,1.05462030141708,0.230954154576673,4.56636211351184,4.9626120796374e-6,8.48504259931453e-6
A130040M12Rik,2.56793902005023,1.05377491537161,0.215584383903944,4.88799279562443,1.01869257418793e-6,1.77222970746908e-6
Mapk3,1.69278692525539,1.05058608995993,0.201829073447336,5.20532583346603,1.93656504370058e-7,3.41573560672987e-7
Cyr61,1.73063531924738,1.04605317174794,0.227118475241412,4.60575992611809,4.10962296882753e-6,7.04391131087825e-6
Hexa,1.77760065240241,1.03453263021456,0.203102123838589,5.09365737128743,3.51221254556882e-7,6.16467703021831e-7
1810027O10Rik,1.7548335478007,1.03437602868043,0.203421633789058,5.08488703690702,3.67844934124467e-7,6.45320301169457e-7
Lmo4,1.68505477284876,1.02216178960908,0.2098128103952,4.87177969583341,1.10597452699582e-6,1.92055456783706e-6
Calcrl,1.65719273917771,1.00808917651542,0.211949498354066,4.75627064156286,1.97202054051165e-6,3.40689962650035e-6
Adipor1,1.74917765264132,1.00787510175054,0.202223460008468,4.98396724943952,6.229362792772e-7,1.08917346435337e-6
Stmn1,1.68868904906915,1.00232840660228,0.227406316513643,4.40765420226199,1.0449620152555e-5,1.76727740794871e-5
Rab11a,1.74107540168517,0.996986214398254,0.202040664266467,4.93458194674786,8.03226167106634e-7,1.40041435948451e-6
Sh3bgrl,1.72850563266677,0.985725523875035,0.202865340149173,4.85901398016143,1.17971804241017e-6,2.04690981598175e-6
Itm2c,1.73510219378239,0.985609302837392,0.20380426163943,4.83605835770564,1.32439054387446e-6,2.2956395945624e-6
Nkg7,3.89262106064578,0.970838679023718,0.269393838185142,3.60378947627044,3.1361110542438e-4,5.0573060559631e-4
Ctsl,1.63199709199104,0.969091261713311,0.20969726446273,4.62138246865663,3.81191269191723e-6,6.54330294370534e-6
Bola2,1.71232110618269,0.963379081031207,0.20324616141567,4.73996199643321,2.1375830799809e-6,3.6910961553094e-6
App,1.61693124492327,0.963280742254979,0.203135864890687,4.74205154650236,2.11564773473713e-6,3.65442792035997e-6
Tnfaip2,1.60547367570244,0.951526892793945,0.209078944456207,4.55104121205877,5.33810899199159e-6,9.11214157560369e-6
4632428N05Rik,1.6756825097126,0.947040983003905,0.202754736331472,4.67086984076979,2.99926949150414e-6,5.15854587995111e-6
Hsd11b1,1.65989551195597,0.946494017251726,0.213482513825387,4.43359036902615,9.26766348825369e-6,1.57094344564651e-5
Cdkn1a,1.59381207318686,0.934382910501887,0.210948158104987,4.42944332340107,9.44766368883009e-6,1.60041552671404e-5
Txndc17,1.68973433096326,0.929647640544777,0.202485916084062,4.59117186283135,4.40764194219153e-6,7.5472825777398e-6
Tpd52,1.69237431404512,0.929000840837903,0.205970039967953,4.51036879432779,6.47150184417455e-6,1.10360142523983e-5
Csrp1,1.63981359325854,0.925872631951079,0.207987730120885,4.45157332796963,8.52434136363737e-6,1.44705892416869e-5
Efhd2,1.70142414446215,0.923725557461578,0.204636723290341,4.51397746508569,6.36229802605566e-6,1.08515587962786e-5
Klf6,2.04801588429764,0.923169795888284,0.189520462393104,4.87108243738579,1.10988516373837e-6,1.9270249641491e-6
Acvrl1,1.62832523526898,0.922568282521314,0.206135136685211,4.47555083212315,7.62145626276052e-6,1.29674060272523e-5
Tppp3,1.57979716307968,0.922417468282699,0.209226878117714,4.40869488940009,1.03995412492086e-5,1.75909284902362e-5
Tgfbi,1.63517367439241,0.921262964971631,0.206230919535057,4.46714278852366,7.92712220716471e-6,1.34743008535981e-5
Fcgr3,1.57780188340122,0.917371439626024,0.207009068939089,4.43155193309889,9.35572730489124e-6,1.58509888125713e-5
Rab2a,1.89282192023609,0.915744206791004,0.192093612842391,4.7671767595019,1.86825393196125e-6,3.22869906467066e-6
Nadk,1.62751892720163,0.912278988076866,0.204202524335418,4.46752061976658,7.9131386044249e-6,1.34527221999993e-5
Fmnl1,1.68680607130137,0.912254936194538,0.203906484884811,4.47388878637127,7.68097028385894e-6,1.30644069344228e-5
Oaz2,1.60831613134451,0.906481147228883,0.204782674619689,4.42655194787522,9.57513311047859e-6,1.62174545219657e-5
Clic4,1.6028751091207,0.906187334902611,0.205123665108583,4.41776103416892,9.97285921637309e-6,1.68746596789198e-5
Pgam1,1.68065710357087,0.900432675975694,0.203649194526901,4.42148901235526,9.80230498653243e-6,1.6599523772814e-5
Arhgap31,1.58516178503967,0.894838918655964,0.204640099666008,4.37274473632697,1.22694152982198e-5,2.07202678281163e-5
Pim1,1.67760705463839,0.894761622273197,0.206402584625088,4.33503109420095,1.45739520333093e-5,2.45763300319414e-5
Sirpa,1.58079714203346,0.893698274471367,0.208177490710759,4.29296304523656,1.76304359475576e-5,2.96300307940279e-5
Gzmb,1.5958824302973,0.883894249313371,0.235366954412728,3.75538805572262,1.7307310687064e-4,2.8166535241302e-4
Rhob,1.81234597964003,0.883632004515478,0.195968318698783,4.50905539417155,6.51169064307348e-6,1.11009226508307e-5
Igfbp4,1.6699379139743,0.883292151096846,0.209054145760231,4.22518361396149,2.38746034353263e-5,3.99632611615852e-5
Sod3,1.55892046285977,0.883049706482526,0.222777595979925,3.96381737848586,7.37606873692843e-5,1.2153749623348e-4
Rheb,1.67286832804179,0.882735543816555,0.203221476224319,4.34371189609005,1.40095218992334e-5,2.36397945091315e-5
Hpcal1,1.65037610773926,0.879652798212202,0.199618251703852,4.40667519479748,1.04969411249965e-5,1.77470551165932e-5
Nrp1,1.55378769452283,0.86512850785653606,0.205483082619962,4.21021768228278,2.55124750782592e-5,4.26501584975222e-5
Gyg,1.59411528926675,0.864465553980723,0.20783506285083,4.15938264758136,3.19108920642736e-5,5.32613450281401e-5
Ubl3,1.67476345539639,0.859788127735015,0.198954164935352,4.32153872232025,1.54944852380939e-5,2.61117717329621e-5
Comt,1.59832722160245,0.858811858372673,0.203644428238661,4.21721264755739,2.47340706163648e-5,4.13687435493189e-5
G0s2,1.5487217493339,0.853624526566227,0.210310633693573,4.05887477763001,4.93097454653971e-5,8.17262649085166e-5
Slc9a3r2,1.5731865196597,0.853479069434173,0.20810582273424,4.10117822855972,4.11051798406177e-5,6.83449717369086e-5
Cd164,1.61343896543217,0.852222441481835,0.207276207852983,4.11153045643472,3.93045013876145e-5,6.53926684440948e-5
Gm11428,1.70040692864642,0.851286639006622,0.222155405285075,3.83194204936959,1.2713569010642e-4,2.0784475488742e-4
Prkcd,1.64469651602955,0.846283386010049,0.206129067256036,4.10559945414621,4.0326773207234e-5,6.70720905342557e-5
Slc3a2,1.87217035543524,0.842360138830562,0.195229394559916,4.31471982346409,1.59805448063143e-5,2.69135163377837e-5
Brp44,1.6176112094351,0.840592413911449,0.203778390528179,4.12503215739753,3.70682960935053e-5,6.17804934891756e-5
Atp6ap1,1.62826758622932,0.834742277686707,0.203408305527439,4.10377676330479,4.0645968480593e-5,6.75922126373672e-5
Plbd1,1.58858893265222,0.830602340373269,0.21240380007051,3.91048719513276,9.21101435010229e-5,1.5141393452222e-4
Ccni,1.62356166118345,0.82850639950228,0.204144151712585,4.05843808187431,4.94020279892896e-5,8.18662178108228e-5
Fam96a,1.63715949637176,0.828221371880066,0.204239739820997,4.05514310097509,5.01036196939675e-5,8.30025054911171e-5
Col3a1,1.52231847561497,0.828044375714089,0.224193646920928,3.69343372163502,2.2124619414362e-4,3.5900066317367e-4
Ccr2,1.6017217458215,0.821663444329439,0.211826016676544,3.87895432875042,1.0490644669219e-4,1.7193458453163e-4
Atp1a1,1.65901903353165,0.819537640352011,0.19882491828449,4.12190608412256,3.75750394112241e-5,6.2585100742370593e-05
Dleu2,1.5555223430152,0.815868840960576,0.205465226362093,3.97083660046087,7.16206894718602e-5,1.1808591252151e-4
Fam105a,1.61678124064114,0.811254368439573,0.203050126313189,3.99534037811076,6.46013710655347e-5,1.0668116322748e-4
Aamp,1.62089317288369,0.810112443988362,0.20351405851176,3.9806215350059,6.87353109488211e-5,1.1343608066798e-4
Cd200,1.54676190918751,0.809985559722153,0.213067264459073,3.80154859442398,1.4379452873394e-4,2.3463814941894e-4
Naaa,1.51644913143262,0.80811118056482,0.212621105941837,3.80071007995736,1.4428203543465e-4,2.3539685106076e-4
Rab1,1.57196085377048,0.80361151313299,0.204372401066248,3.9320941034132,8.42090870728733e-5,1.3860048384688e-4
Ssr1,1.60460107446274,0.797417954015868,0.204137745418348,3.90627393469879,9.37302501225617e-5,1.5400437697191e-4
Hcfc1r1,1.57953506904667,0.797291987630954,0.204093600442731,3.90650165366001,9.36420027960977e-5,1.5388359974677e-4
Mettl7a1,1.52038482035952,0.791504751166346,0.211081598344395,3.74975723783818,1.7700584212759e-4,2.8802072815026e-4
Emb,1.61618651286127,0.791165289112962,0.205785510256123,3.84461125629432,1.2074369572196e-4,1.9751867491966e-4
Irf5,1.60660203211694,0.790578298181657,0.208014952867645,3.8005839834249,1.4435548160412e-4,0.00023547987936672999
Sec61b,3.31007344972139,0.786275542068054,0.19296710476967,4.07466103099061,4.6081417994103e-5,7.6509224532194e-5
Slc6a6,1.54707110828199,0.784419342335083,0.205330088271034,3.82028444511091,1.3329785746068e-4,2.1774833858387e-4
Clec3b,1.49485565417996,0.784312707180708,0.223423503716692,3.51043061331292,4.4738155106262e-4,7.1708477368012e-4
Tmem66,2.12057912744463,0.772161259101805,0.189862816030334,4.06694304470043,4.76338790424311e-5,7.90365062306072e-5
Cbx3,1.57256595525105,0.771961943616107,0.204645845069892,3.7721847875898,1.6182433546733e-4,2.6364638924453e-4
1100001G20Rik,1.48815177154575,0.77112500869168,0.211581288484074,3.64458036065758,2.6782844286013e-4,4.3323968755187e-4
S100a16,1.48448338976043,0.765904735187734,0.205876749107689,3.7202099727498,1.9905721505655e-4,3.2339827656246e-4
1600029D21Rik,1.49359651028207,0.762171081795745,0.213333969777094,3.57266628747459,3.5336495370759e-4,5.6825787379964e-4
Tra2b,1.65121896581711,0.760974814263839,0.200692698599434,3.79174140152792,1.4959464028228e-4,2.4395002257842e-4
Ear1,1.5085746609079,0.760468737092046,0.212382961560789,3.58064852049999,3.4274245426603e-4,5.5168535654292e-4
Ptrf,1.48003665081331,0.759328208142542,0.208317998697977,3.64504369708077,2.6734637249964e-4,4.3252690669398e-4
Adrbk1,1.58913506152882,0.759184134331308,0.204711063511424,3.70856426276609,2.0843776394478e-4,3.3848036328878e-4
Csf1r,1.48853046048484,0.758839446448522,0.206180861100834,3.68045531673964,2.3281785616152e-4,3.77425220237e-4
Cav2,1.64431700684477,0.757983882037794,0.200322071234482,3.78382610246954,1.5443574706895e-4,2.5180527868184e-4
Nupr1,1.48333324384439,0.752776276232444,0.206909486801344,3.63819121041652,2.7455955806132e-4,4.4371544677403e-4
Gsk3b,1.55399148718514,0.752755814938948,0.204452594348554,3.68181101999438,2.3158304937122e-4,3.7548175732808e-4
Rhoa,4.33127515809858,0.752097024847798,0.193743022685771,3.8819308918681,1.0363033079573e-4,1.6989645940758e-4
Rab18,1.53861338656206,0.746305874619604,0.204321831447872,3.65259977032855,2.5959868167118e-4,4.2038316064016e-4
Psmb7,1.58853465935846,0.746231999439361,0.20449556678718,3.64913533903632,2.6312446146866e-4,4.2596051755821e-4
Lamp2,1.50533351108241,0.746116145199582,0.204553669297138,3.64753244350636,2.6477088742754e-4,4.2855938988271e-4
AF251705,1.4804350444243,0.745844688058377,0.206177963294353,3.61748014259681,2.974851457698e-4,4.8046796439305e-4
Adrb2,1.57095839780772,0.745026540021974,0.204447454271538,3.64409790611754,2.6833127021719e-4,4.3388693313545e-4
Serinc1,1.54215428824702,0.739693603934793,0.204709572457135,3.61338063020809,3.0223052797028e-4,4.8790578506413e-4
Fgr,1.47484511042471,0.739687306299158,0.205115650366244,3.6061963335241,3.1071808307285e-4,5.0114271393181e-4
Ergic3,1.54181136037293,0.739659181535702,0.204667923031265,3.61394775781602,3.0156985169438e-4,4.8691451464418e-4
Cox6b1,3.9237047085515,0.735702658813383,0.18937483807734,3.8849018501229,1.0237123694624e-4,1.6788496916726e-4
2900053A13Rik,1.57034039410487,0.733173588684178,0.20474980415907101,3.58082681297499,3.4250863507171e-4,5.5139400927505e-4
Mrpl20,1.55763422140109,0.726551883988029,0.204777621205114,3.54800431664496,3.8816185981099e-4,6.2373554200813e-4
Ddx3x,1.56901950958931,0.72646582491269,0.205065514096944,3.54260358262509,3.9619779042837e-4,6.364525207066e-4
Atp6v0d1,1.54475776387151,0.726391193898699,0.205010151985802,3.54319621181007,3.95308465082e-4,6.3512163364975e-4
Ssr3,1.54843156895331,0.726330890543628,0.205104380823108,3.54127438735719,3.9819924176746e-4,6.394708635675e-4
Coro1b,1.55516956312132,0.726148284463447,0.205333060901513,3.53644114238253,4.0555685861295e-4,6.5098610146359e-4
Psmc3,1.56898856501828,0.719811929849172,0.205031857721797,3.51073212644772,4.4687446194019e-4,7.1642650225056e-4
Pdlim1,1.56411619935712,0.718753107618503,0.204372393514639,3.51687962966985,4.3665174966505e-4,7.0014502634051e-4
Srsf6,1.67849665781073,0.715334737735703,0.198770263723817,3.59880157290343,3.1968698801402e-4,5.1544898144654e-4
Pilra,1.45169885655669,0.713243020097116,0.206434434976641,3.45505835873663,5.5017372288469e-4,8.7785628410762e-4
Rsu1,1.52059328690322,0.713112540069007,0.20503588718510601,3.47798890164634,5.05190841395e-4,8.0781013695265e-4
Stx7,1.55339972087451,0.713094204562101,0.20554392503599,3.46930323743327,5.2181013154394e-4,8.336186340197e-4
Myo1f,1.48111984124374,0.713091448029152,0.205274238916142,3.47384772582429,5.1305210647898e-4,8.1987815576926e-4
St13,1.56767490158852,0.71303202522549,0.205943721879432,3.46226638383728,5.3564670873388e-4,8.5506905797886e-4
P4hb,1.53176167454483,0.71296168172022,0.205617631929007,3.46741509972444,5.2548971261986e-4,8.3924011010422e-4
Glul,1.54722401579615,0.71031212275203,0.202344702688108,3.51040631810805,4.4742243445903e-4,7.1708477368012e-4
Pdgfra,1.44978520101518,0.706968697597763,0.222386733093339,3.17900572468519,0.00147781172479016,0.00231379040294081
Ecscr,1.44913633467623,0.706750452572048,0.208866351899363,3.38374489785016,7.1504406451594e-4,0.00113519769366583
S100a1,1.45982634399295,0.70595251766719,0.206933743156569,3.41149059065275,6.4608731161601e-4,0.00102869475877249
Cd93,1.44477089209053,0.699954875447701,0.207688493555739,3.37021499585314,7.5109557267549e-4,0.00119116478485981
Rhoc,1.44343605256115,0.699747781925708,0.207009830706264,3.38026353404738,7.2416358344298e-4,0.00114950095957804
Ctnnb1,1.50934837131068,0.699616319869109,0.206015985495175,3.3959322049089,6.839529785159e-4,0.00108682939051843
Ilk,1.50830531078456,0.699603974005416,0.205478192953641,3.40476020325552,6.622217707854e-4,0.00105341997364005
Dhrs3,1.44568342951073,0.699541680140229,0.206011652488192,3.39564132266899,6.8468017637755e-4,0.00108781936408182
Csf2ra,1.47282580129954,0.699537487211074,0.205774942548006,3.39952706850046,6.750249793822e-4,0.00107313244780725
Hebp1,1.44782301841956,0.698691199656921,0.211270501999109,3.30709300657537,9.4269587237698e-4,0.00148959359885208
Mtpn,1.65775872830111,0.696384408035641,0.199195132011335,3.49599109679053,4.7230445846389e-4,7.5615067418541e-4
Sept4,1.45238632689763,0.693199242702883,0.207671426028442,3.33796158653017,8.4395415971832e-4,0.00133599415124478
Hnrnph1,1.54627472312447,0.693134726364244,0.205155941823982,3.37857495231083,7.2862567190392e-4,0.00115640802898708
Psmc2,1.53417052712003,0.693120432961995,0.205319691007849,3.37581081268771,7.3598508933069e-4,0.00116755574116586
Cyp4f18,1.53449151894762,0.692981484716283,0.206216480976969,3.36045635845021,7.7813823127308e-4,0.00123386438859219
Cdh5,1.43731606609517,0.686491931842634,0.206487182307383,3.32462249797521,8.8538328588215e-4,0.00140051537948631
Anapc11,1.7456004220622101,0.686369906610229,0.194928623629484,3.52113452519351,4.2970455928691e-4,6.8921732969049e-4
Commd8,1.53072342939796,0.686308812277302,0.20533439790725,3.34239571777599,8.3058557883608e-4,0.00131523031139825
Trappc4,1.51840656656262,0.686284540474427,0.205247315448246,3.34369557514371,8.2670399961373e-4,0.00130928242657272
BC028528,1.50578432643291,0.686036247465717,0.208015664823062,3.29800281170776,9.7375159312349e-4,0.00153727001848016
Lipa,1.46886498024519,0.685964656282114,0.205910556327231,3.33137197294531,8.641904123481e-4,0.00136782108928354
Cxcr4,1.45196058942028,0.679535811192721,0.205500066452193,3.30674253748139,9.4387600715235e-4,0.00149100703807998
Cetn3,1.54262504997449,0.679521278118706,0.205485305654849,3.30690934786397,9.433141358839e-4,0.00149034497255265
Timp3,1.43243700888323,0.679476522629489,0.208985063507653,3.251316200426,0.00114872022625294,0.00180693674281765
Mtch2,1.51821465405061,0.679459623576467,0.205282481020656,3.30987632358213,9.3337202705694e-4,0.00147508385747419
Mxra8,1.43213134052503,0.679397868105049,0.209437542476271,3.2439163488658,0.00117898365208908,0.00185426172458722
Tns1,1.43939788567379,0.679388333250511,0.206942780846324,3.28297672657171,0.00102717145461387,0.00161940048114902
Map1lc3a,1.44290245294983,0.679356723975326,0.206024141002445,3.2974617472972,9.7562963185482e-4,0.00154000201943822
Ddost,1.52468091708773,0.67932393750433,0.205706946476385,3.30238695941323,9.5865719110886e-4,0.00151389821134118
Lmna,1.44083888489375,0.679039544111912,0.206962349872093,3.28098103124347,0.00103446701058849,0.00163040996234055
Mrc1,1.43164306169161,0.677976220288275,0.213868368483077,3.17006308645367,0.00152405844178972,0.00238548277845348
Taldo1,3.17063891205001,0.677145647273071,0.19869268518746,3.40800491288447,6.5439716485086e-4,0.00104144914650046
Vcp,1.74535187814506,0.675082546967776,0.194289995495683,3.47461301466125,5.1159081018854e-4,8.1766810446546e-4
Tpst2,1.52763455339139,0.67275513942087,0.206015951508373,3.26554878151523,0.00109252185767579,0.00172035116050306
Dync1i2,1.45873761843054,0.672562814542053,0.205340473319505,3.27535435985657,0.00105529511196244,0.00166298580662458
Ltbp4,1.42795479175122,0.672401477252232,0.212360017308558,3.16632803940319,0.00154376591732935,0.0024127120025327
Tbca,2.51808732349273,0.672254156000725,0.194616803311158,3.45424518624894,5.5183542552402e-4,8.8037314218685e-4
Ppp1cb,1.53567658656368,0.665835545747093,0.205817525530581,3.23507701314853,0.00121609924558481,0.00191090850751135
Rpl34,1.4674680096589,0.665765970231213,0.20560894718453,3.23802042346775,0.00120362192771702,0.00189187186470427
Rarres2,1.42498589731232,0.665755426858664,0.212944865650195,3.12642159662258,0.00176947679609069,0.00275474765153398
Tgfbr2,1.52492428925487,0.665403888543752,0.206683430821318,3.21943508436827,0.00128443438742145,0.00201555614079061
Fgl2,1.43904825808885,0.665391714771523,0.210672607543725,3.15841590669741,0.00158629067851173,0.00247583714810322
H2afz,4.33092042689706,0.664214416975889,0.222764090340161,2.98169429355348,0.00286658086467368,0.00440622853757262
Cd47,2.9229731878034,0.660750763938857,0.18459581923024,3.57944598471499,3.4432340746288e-4,5.5397385944097e-4
Tinagl1,1.42192848649652,0.659072737599161,0.211534965353193,3.11566807170025,0.00183528728384085,0.002854648278203
Ppp1r15a,1.48484030958785,0.659022229214663,0.205749190255747,3.20303680610114,0.00135986600023895,0.00213296289700942
Lass2,1.52242547168772,0.658898648106426,0.205855396973411,3.2007839376275,0.00137054260791401,0.00214874077588562
Ifitm1,1.42108821235485,0.658867321926045,0.21118684543605,3.11983125921334,0.00180954667782381,0.00281503014699457
Rgs19,1.49123654812274,0.658861493025441,0.205719409343865,3.20271915579992,0.00136136672190311,0.00213499603074485
Ech1,1.52174736898954,0.65874869020951,0.205896935599924,3.19940988091983,0.00137709232596988,0.00215868526773656
Tap1,1.50921509218414,0.65867801830501,0.206146573717413,3.19519265553222,0.00139737527292568,0.00218883688662327
Psmc6,1.49932475378461,0.651939352618256,0.205721192641104,3.16904322908342,0.00152941645637272,0.00239351038892688
Ufc1,1.49929722213863,0.651935065211426,0.2057602232882,3.16842125651413,0.00153269261888197,0.00239720014099292
Trappc6b,1.5271531737509,0.651928973076863,0.205875461228692,3.1666181544224,0.00154222679828348,0.00241102841780167
Capn2,1.43542304525508,0.651832909062569,0.205771308781888,3.16775410975053,0.00153621391482692,0.00240198790935945
Dap,1.47896786386895,0.651820198774978,0.206065984904911,3.16316251357913,0.00156065184405635,0.0024376429162101
Sept2,1.45031160184752,0.651707838215201,0.206211464441534,3.1603860628223,0.00157560215198928,0.00245989030458622
Rbms1,1.55713089560625,0.645377235746441,0.199662877613327,3.23233464057498,0.00122783175593489,0.0019284735266978
Stt3b,1.53181861693306,0.644953600995225,0.206199527798583,3.12781318114957,0.00176112082738867,0.00274255689706709
Pdcd6ip,1.49461672951258,0.644884979332029,0.206011055041678,3.13034161783969,0.00174603124217706,0.00271986961628297
Ntan1,1.52659378912543,0.644877479484021,0.205934684124366,3.13146608705589,0.00173935873258428,0.00270987989377404
Atp5b,3.34790107017077,0.64245113636714,0.193257749917719,3.32432275880614,8.8633552625514e-4,0.00140180925528006
Ppp1r16b,1.47316163360514,0.638086581068674,0.206881880887688,3.08430384686554,0.00204029102328084,0.00316361774588623
Polr2k,1.52266620523388,0.637822271766346,0.206086477879031,3.09492538438517,0.00196862414864312,0.00305657883876177
Cfdp1,1.51402514732092,0.637806040005125,0.205989266329399,3.09630715896237,0.00195947269113596,0.00304327505139236
0610007C21Rik,1.52240975324693,0.637764611669914,0.206683380783886,3.08570824248699,0.0020306797133194,0.00314918244311565
0610031J06Rik,1.50173143396569,0.637742440452962,0.20629987941751,3.09133695207983,0.00199257379923065,0.00309146536840066
Rala,1.50543424640097,0.637690280411232,0.206209575121082,3.09243777858906,0.00198519846007575,0.00308093829689175
Usf2,1.51298496871712,0.637670106202138,0.206253652871634,3.09167909185591,0.00199027883531651,0.00308836370997389
Bcl10,1.49579072115724,0.630921006360885,0.206112671223769,3.06104909812127,0.00220562923190613,0.00341592778239134
Cited2,1.44827608157092,0.630891403644617,0.206757813805411,3.05135458744199,0.0022781136452761,0.00352400451276967
Cdkn1b,1.49117250556175,0.630795273632493,0.206395229555939,3.0562492892382,0.0022412482817564,0.0034695480518293002
Lyve1,1.40506934593017,0.630789302872652,0.21241098614326,2.96966420770354,0.00298125430678135,0.0045757563897085
Spn,1.47501593601166,0.630784475328263,0.206715425879177,3.05146300836276,0.0022772910723268,0.00352325411901182
Tmem208,1.51448422599513,0.630735117330689,0.206327946879736,3.05695436255337,0.00223598316537704,0.00346191075879228
Cdc42ep3,1.44151770937912,0.630472283752966,0.207175418548527,3.04318093415744,0.00234091537118683,0.00361793582164182
Mapk1,1.50713105657817,0.623724697570361,0.20643859403093,3.02135703112234,0.00251644446184057,0.00388347083246349
Mkrn1,1.50248745729942,0.6237077347975,0.206325605554489,3.02292937961491,0.00250340656388069,0.00386563593061891
Anapc5,1.49003298096776,0.62365397133297,0.20650605142338,3.0200275828932,0.00252751666235433,0.00389882889405722
Necap2,1.49453296688191,0.623629199547409,0.206443850261893,3.02081751893446,0.00252093238460967,0.00388982176992683
Fcgrt,1.44408590478193,0.623547807440689,0.206469147523683,3.02005318915343,0.00252730298251395,0.00389882889405722
Krt19,1.39603715606538,0.622629417868962,0.210827148580655,2.95326964321564,0.00314427181636709,0.00482029335724999
Prelid1,1.95030311579904,0.619797308279226,0.190121827967817,3.26000078425578,0.00111411905739316,0.00175330162182463
Slc43a3,1.40145701285809,0.616749361432943,0.207180184802457,2.97687427019628,0.002912034050277,0.00447398147299905
Glipr1,1.45181153856491,0.616685780734807,0.20662811470091,2.98452019284717,0.00284023453983675,0.00436766071525934
Dnm2,1.48771380159554,0.616664800154872,0.206311172647159,2.98900341771367,0.00279889000920141,0.00430852428429117
Esam,1.39711047935179,0.616650437263904,0.208195011675287,2.9618886269267,0.00305758360407383,0.00469222002447902
Skap2,1.4347015790564,0.616478057190045,0.206321287657416,2.98795177264339,0.00280853868608157,0.00432273977335863
Plp2,1.46190870085917,0.616309150035077,0.2073500590347,2.97231239240659,0.00295565782628654,0.00453780407447522
Tcf7l2,1.40076022798132,0.615952017351985,0.208406807183584,2.95552734421673,0.00312135026954885,0.00478726264346849
Arhgap9,1.56011583180369,0.610986960995165,0.203081711627326,3.00857697179736,0.00262474304401078,0.0040464142615878
Prelp,1.4234407681097,0.610206804071943,0.212181840830594,2.87586723577882,0.00402919144662523,0.0061444286740823
Egr1,1.40582607852504,0.609633439766085,0.207050959079446,2.94436423997518,0.00323618889726482,0.00495611149881835
Napa,1.47184018086061,0.609538005981836,0.206364958127193,2.95368948058588,0.003139997794106,0.00481515525418136
Ndufs3,1.5113407326655,0.609489897895487,0.20653182553816,2.95107011380614,0.0031667502291886,0.00485332830192734
A730098P11Rik,1.44033950071517,0.609477443762221,0.206216022397903,2.9555290451011,0.0031213330587194,0.00478726264346849
Tm2d2,1.43969884440317,0.60946375418035,0.206497643556687,2.95143200514557,0.00316304178927077,0.00484835652326924
Ifngr2,1.45549890688367,0.609428291336475,0.206737259714946,2.94783965007937,0.00320003003961067,0.00490217367770146
Mtap7d1,1.4273037373551,0.609374192253905,0.206572681492312,2.94992633029545,0.00317849709074517,0.00486990161834158
Brd2,1.48673738873155,0.609359820667305,0.206838095430704,2.94607151259259,0.00321837982819927,0.00492956065234747
Gpr116,1.39174832523703,0.609302708130442,0.207595137608073,2.93505288780302,0.0033349084107491,0.00510280577579079
Rbp1,1.39263167641011,0.609245699522401,0.213227730557457,2.85725359421876,0.00427324276711917,0.00650519896306855
Mrpl14,1.49295113500641,0.609171391781046,0.20695665701631,2.94347328838539,0.00324551829208999,0.00496967013338509
Lrp1,1.39424694813088,0.609096231463292,0.207724051633505,2.93223739222044,0.00336529398096038,0.00514779035329324
Ncr1,1.5382209903823,0.603789616399394,0.217166487134558,2.78030751598096,0.00543074441885381,0.00821457138986291
Lasp1,1.44780457338615,0.602279263855569,0.206499121125869,2.91661901790108,0.0035384769367561102,0.00541032501753571
Rab5a,1.41542022234162,0.602190476746275,0.206282094389903,2.91925713924568,0.00350866670022868,0.0053655310312564
1500003O03Rik,1.43471109034569,0.602104889726099,0.206640068289694,2.91378576628224,0.00357074858156275,0.00545744602750594
Chic2,1.50578098303401,0.602051993220019,0.206900519329299,2.90986216550672,0.00361588182665505,0.0055254400278511
Ppp2r5a,1.4597533976503,0.595061797236494,0.206467903918947,2.88210315473584,0.00395030386562882,0.00603117466469214
Anxa11,1.47558313822578,0.595027409645724,0.206613136181398,2.87991083550135,0.00397787652639838,0.00607094207993821
Snrnp27,1.48703362944284,0.595012023996155,0.206732266374603,2.87817685371853,0.00399980834490698,0.0061014025600276
Atp6ap2,1.43961063572804,0.594995895727139,0.20660343735414,2.87989349716024,0.0039780952843733,0.00607094207993821
Pten,1.47100709999903,0.594984497454863,0.206830902432837,2.87667118625114,0.00401894137983397,0.00612969291533479
Qk,1.41893459447817,0.594889678261696,0.206684887003802,2.87824468874086,0.0039989482919881,0.00610098205003007
2310044H10Rik,1.75658654421379,0.593037811748944,0.191519013474027,3.09649575251895,0.00195822667436807,0.00304179236429142
Cmpk1,1.89607680709664,0.592559964927491,0.18992764608562,3.11992475629568,0.00180897242212312,0.00281455619775938
2810428I15Rik,1.5806315436032,0.592152678019468,0.200252936888174,2.95702368824753,0.00310624253242838,0.00476619224552503
Wtap,1.49912906138897,0.589560650092358,0.204157228219593,2.88777749988956,0.00387974209044868,0.00592430999331348
Vat1,1.40015012672998,0.588642082080811,0.206036459684774,2.85698018196102,0.00427692541111484,0.0065098558524623
Pttg1ip,1.41651282192474,0.587814043560007,0.206619479212411,2.84491106937558,0.00444238239035082,0.00675873974865382
Uba1,1.47916937473803,0.587765480793016,0.206697545227486,2.84360165064435,0.00446067780813576,0.0067855859415616
Guk1,1.46745004953334,0.587725558140529,0.206886618514786,2.84080991975093,0.00449991249237306,0.0068422788261542
Mrpl43,1.4744564417517,0.587668152459734,0.206775931910528,2.84205297507264,0.00448240427447754,0.00681764286502703
Glt25d1,1.41465390989494,0.587519048440677,0.207526450753445,2.83105621624439,0.00463945659774498,0.00704830135047404
Dusp3,1.44626150625154,0.584333333790779,0.202150853731841,2.8905805887217,0.00384530925870982,0.0058725905004287
Obfc2a,1.45484521286284,0.581364361790444,0.20576131989387,2.82543075681235,0.00472170921147192,0.00716804481136642
Mknk2,1.49230072587827,0.580551658225602,0.206841544054354,2.80674591209319,0.00500446984891942,0.0075895794919696
Stk38,1.4247080481587,0.580516432247336,0.206742908608695,2.8079146034754,0.00498634475511918,0.00756428934080852
Sod1,1.49557547269627,0.580505824698825,0.207135179400841,2.8025457885908,0.00507010187179483,0.00768130366297171
Ctdsp1,1.44743747493807,0.580487075206983,0.206793374514393,2.80708739615147,0.00499916766325191,0.00758263989602643
Tubb2a,1.38853423581657,0.580434809905273,0.207582052647053,2.79617049019249,0.00517121130274894,0.00782653609752086
Mrpl4,1.45527253458445,0.58041742168942,0.207203521304739,2.80119477716687,0.0050913778663535,0.00771129913313949
Rbm7,1.45863305879697,0.580363957040782,0.207129092212009,2.80194322701296,0.00507958118127809,0.00769454839415892
Ptpn12,1.39132273510704,0.580277465414328,0.207449802069465,2.79719459659943,0.00515484756073614,0.00780290104887419
Slc38a2,1.46455046484646,0.573236418763505,0.207070368944779,2.76831698173279,0.00563466229440673,0.0085119193103178
C1d,1.46445913452604,0.573212354020711,0.206959385119831,2.76968523891206,0.00561104879233727,0.00847870160544234
Gm6251,1.39739990568371,0.57321140483733,0.206778371391767,2.77210523024824,0.00556950287259219,0.00841714099447923
Emilin2,1.37252165931493,0.573060707357732,0.207496937847789,2.76177910528061,0.00574873577777033,0.00867169506139607
Adprh,1.44688165088784,0.573054042839509,0.207036614130714,2.76788743501044,0.00564209391759659,0.00852067995077512
Mrps18c,1.44325684755507,0.573045511273351,0.206974748623338,2.76867354633779,0.00562850004969251,0.00850384088549781
Vps29,1.45901925601147,0.573032900545922,0.20732381896158,2.76395111481191,0.00571060940610369,0.00861791879151814
Lgmn,1.47804095341142,0.572901849316045,0.207538165014493,2.7604650415794,0.00577191349257935,0.00870288516212138
Olfml3,1.37273565984858,0.572799890243497,0.215284383799585,2.66066623195825,0.00779862207735348,0.0116711029942045
Mbnl2,1.58869229983277,0.572424678517942,0.193676521031861,2.95557084290962,0.00312091014418948,0.00478726264346849
Nenf,1.4693268042894,0.570406937708938,0.20328462672313,2.80595216128085,0.0050168139825878,0.0076071950585645
Il10rb,1.48759532842573,0.56829820244042,0.204426226532972,2.77996718952673,0.00543643909737607,0.00822199394127281
Ypel3,2.63912303312896,0.566450547279971,0.185653663194672,3.05111430355137,0.00227993761254819,0.00352630350740786
Fam173a,1.48453901712327,0.565837869868809,0.207173417519376,2.73122815003951,0.0063098773518857,0.00950304667537316
Erdr1,1.4279769786171,0.565777187349575,0.207166747788368,2.73102316558807,0.00631380334408479,0.00950736150252098
Srsf9,1.44698557646166,0.565648783957229,0.207122740915795,2.73098348088775,0.00631456366460541,0.00950736150252098
Ap2a2,1.39055018030061,0.56554866847201,0.207272270579464,2.72853028960857,0.00636172474373524,0.0095756064481828
Fabp5,1.37483849015434,0.565358335077155,0.20895564158447,2.70563805212509,0.00681733054651972,0.0102436572978794
Agpat4,1.41631003203275,0.561126047207029,0.204300822831797,2.74656773002334,0.00602224499674591,0.00907640216053519
Man2b1,1.45159347871368,0.559647024184011,0.206391355762141,2.71158170417265,0.00669630359208247,0.0100647004752866
Kctd10,1.41715160014474,0.558439154857335,0.207078345500851,2.6967530260427,0.00700191800192371,0.0105149631674458
Gnai3,1.42086588073486,0.558387779865389,0.20707294727807,2.69657522725821,0.00700565716734184,0.0105190652706815
Thoc7,1.46770409281455,0.558384740975111,0.207521392258902,2.69073339811867,0.00712951445542329,0.0106881290802153
Smad7,1.47157435465076,0.558367421451592,0.207754959428105,2.68762499335097,0.00719621637421042,0.0107850271241396
Rchy1,1.42464304680096,0.558362154889735,0.206990423877794,2.69752650595754,0.00698567232158402,0.0104920758218008
Hist1h2ao,1.38082955530019,0.558330508755459,0.207618681000111,2.68921132754504,0.00716210624813152,0.0107354471256989
1810022K09Rik,1.45575231632162,0.558318992355611,0.207246416512225,2.69398623026458,0.00706030814544703,0.0105965521906939
Elavl1,1.47899540271278,0.558261872542711,0.207467903572185,2.69083488544758,0.00712734606976676,0.0106881290802153
Snx1,1.43891315913148,0.558221429533128,0.207159905672417,2.69464029596464,0.00704646549297745,0.0105788179100783
Vdac1,1.457970702291,0.558187299001515,0.207446092740291,2.69075831522327,0.00712898201990742,0.0106881290802153
Itgax,1.3977603511257,0.557925346655462,0.20820406597706,2.67970437578742,0.00736872051604727,0.0110356393899775
Tcn2,1.3807239197988,0.552373901392037,0.206512003447417,2.67477866744286,0.00747786004758989,0.0111958782298635
Ccl4,1.39289519324329,0.550975478132944,0.212265655059966,2.59568830377807,0.00944016596078725,0.0139973487616274
Pttg1,1.47258153250578,0.550945228313774,0.207307172988666,2.65762742490293,0.00786928354110104,0.0117662975551319
Ptk2b,1.45628344700963,0.550905167581139,0.207457803404312,2.65550467873935,0.00791898349872076,0.0118241115169686
Morf4l2,1.41994791257007,0.550903096590086,0.207333879711154,2.65708188819682,0.00788202947013422,0.011780728370537
Gm6402,1.40492642301032,0.550897554204426,0.207285840705551,2.65767093559937,0.00786826775187966,0.0117662975551319
Adrm1,1.43167983932847,0.550879894484541,0.207339714007065,2.65689521721714,0.00788639509866295,0.0117821930208989
Bola3,1.45986141669842,0.550871543061492,0.207335775100497,2.65690541246188,0.00788615660906514,0.0117821930208989
Zfp207,1.47584100095635,0.550864310411556,0.2073255053508,2.657002135263,0.00788389436755934,0.0117818289718465
Rnf13,1.42011690232545,0.550862453311411,0.207278707559094,2.65759305332586,0.00787008605390501,0.0117662975551319
Orai1,1.4121901765635,0.550848666815578,0.207423686852389,2.65566905677259,0.00791512488992072,0.0118200406023133
Sdf2l1,1.45795855534744,0.550804631792346,0.208438877395064,2.64252349981898,0.00822907545452198,0.0122660690669916
Acaa1a,1.43116336416271,0.550800069379686,0.207437335400777,2.65526004909154,0.00792472905272119,0.0118309983283868
Vwf,1.36128893643736,0.550753438598977,0.212409786078552,2.59288165939446,0.00951755136018369,0.0141060812322995
Nfkb1,1.48476771886182,0.547940526464125,0.2040710035822,2.68504842356702,0.00725192985616296,0.0108669653650554
Snx20,1.51341864521314,0.546425968779827,0.205458458150074,2.65954477464588,0.00782463289751939,0.011706673466624
Tmem9b,1.54567849869005,0.54553052808282,0.199655743870907,2.73235579155462,0.0062883193108749,0.00947194540550194
Txndc5,1.48782738396599,0.545012948890922,0.20618553618526,2.64331319730023,0.00820990538772907,0.012239242074524
Chrac1,1.43225329050029,0.54340419268782,0.207543067820615,2.61827194901782,0.00883763419339092,0.0131391266830641
Eif1ax,1.45925682894381,0.543382468737889,0.207538049471184,2.61823058529484,0.00883870562214168,0.0131391266830641
Tmbim4,1.4199909347365,0.543348398785569,0.207394301046205,2.61988104805502,0.0087960442611711,0.0130812965935365
Bbip1,1.46281370402072,0.543302195535045,0.207645327003881,2.61649131899266,0.00888386233038987,0.0131987366912296
Jtb,1.45907762136467,0.543298994069645,0.207600791532717,2.61703719941754,0.00886966745408999,0.0131832756578445
Plekhf2,1.41525422446568,0.5432772080428,0.207648197707501,2.61633481070746,0.00888793585629211,0.0132029098377475
Ccrl2,1.36046882654972,0.543271027426472,0.208148113770202,2.61002138134314,0.00905365637308442,0.0134414352296646
F2r,1.36866393776786,0.5432495765729,0.210468263772569,2.58114723253446,0.00984725747705057,0.0145823217106962
Ms4a4b,2.75793078707443,0.54146434073478,0.227864205087668,2.37625887982914,0.0174891876590749,0.0253840009955153
Srsf2,2.30160124045952,0.538747610384907,0.190357350300111,2.83019074144252,0.00465202608822222,0.00706600222192001
Cdk4,1.47496341480071,0.537578381504788,0.206547486197214,2.60268663348197,0.00924964553127357,0.0137226516053
Sema4d,1.43530122334594,0.537481491367206,0.206509570846454,2.60269530929798,0.00924941148866967,0.0137226516053
Ahsa1,1.63906220899393,0.536211794783988,0.196969274545217,2.72231187337238,0.00648269316099418,0.00975065791683897
Lgals9,1.40896171482609,0.53593948065619,0.207547333483434,2.58225182497451,0.00981579315028789,0.0145377898267847
Yipf3,1.40926253819975,0.535932723212067,0.207445041088889,2.58349257422077,0.00978055725489857,0.0144917708971248
Pde4b,1.45219561213481,0.535919015583059,0.208019293057304,2.57629476432951,0.00998654718015635,0.0147739198754191
Creg1,1.55456468074849,0.535908977821503,0.198982858562192,2.69324192894738,0.00707609024464988,0.0106171862825733
2500003M10Rik,1.43216868016289,0.535857960985369,0.207493029521393,2.58253475898149,0.00980774819849226,0.0145279357537258
Mrpl42,1.4630272475658,0.535823998414053,0.207864483669378,2.57775637740171,0.00994440813699988,0.0147178368231186
Slc39a1,1.36064199114294,0.53578864095898,0.207585318834032,2.58105266773395,0.00984995532794855,0.0145842481383893
H1f0,1.36467642062986,0.535781409722197,0.208422412542849,2.57065160692374,0.0101507386098082,0.0150061896185779
Rpn1,1.4345373025828,0.535758775292302,0.207921967556549,2.57673001842189,0.00997398198602104,0.0147574223262556
Rnpep,1.3716343650227,0.535741853379931,0.20740051656241,2.58312689987307,0.00979093026507155,0.0145050818741801
Runx1,1.42308184784358,0.535657230532132,0.208181442185763,2.57303064532601,0.0100812280810017,0.0149089998086612
Ehd1,1.46436023638726,0.533854148059333,0.203793392411836,2.61958516780806,0.00880367864851034,0.0130907855135234
Clec4a1,1.37195369029771,0.529989924435298,0.207287200776751,2.55679039732944,0.0105642851713474,0.0156109182149847
Eif6,1.70202368303762,0.529430428594821,0.193193951074393,2.74040892921618,0.00613627849146013,0.00924693236877075
Limch1,1.35124884229308,0.528519438839916,0.20975851443064,2.51965666459123,0.0117469352555858,0.0172851309469085
Vps37b,1.3868966704636,0.528488954740338,0.207950473059291,2.54141742004912,0.0110404023229028,0.0162845154353073
Stmn2,1.3501799978931,0.528374708260465,0.208201099888802,2.53780939938677,0.0111548717844287,0.0164487092414458
Psmg4,1.45594934583461,0.528291802967614,0.207821995361711,2.54203989355472,0.0110207593920756,0.0162601368079804
Rnf114,1.40864075225171,0.528270293670952,0.20772148044068,2.54316641952594,0.010985289389376,0.0162123863761784
Mosc2,1.45610152059368,0.528267116469046,0.207726219811744,2.54309310085072,0.0109875948246884,0.016213496815512
Selm,1.34924430965435,0.528243791891732,0.20854569760706201,2.53298820331954,0.0113094758891858,0.0166625639688258
Ecm1,1.3493254165696,0.528225424464796,0.209390507128252,2.52268085936321,0.0116464043830983,0.0171420360580214
Pdcd5,1.81912612847902,0.527878770715896,0.190116167165304,2.77661168214543,0.00549287604107512,0.00830373962768959
Ppap2b,1.46463876264163,0.527013074246842,0.208326887626072,2.52974102504129,0.0114146744157728,0.0168080678280209
Fam176b,1.46999353912972,0.526261340954016,0.200032324983106,2.63088148877169,0.00851637279703685,0.0126762092958461
Psmc5,1.47402389866457,0.524428923653224,0.205263577595891,2.55490491686588,0.0106216808375587,0.0156912902142512
Cyth4,1.43159888418307,0.522556500638863,0.206613815216456,2.529145982283,0.0114340458549419,0.0168342178431241
Ier3,1.35125664436616,0.520897038056797,0.208858959616876,2.49401337157053,0.0126307786158678,0.0185412441998959
Ppap2a,1.34686558952456,0.520839639309204,0.208551004554735,2.49742090871832,0.0125100368352915,0.0183717519426703
Socs3,1.36241406033234,0.520810797159996,0.207972387349782,2.50423050769745,0.012271805381078,0.0180421980254125
Rtp4,1.41365554493814,0.520771020336113,0.209173934070493,2.48965542791105,0.0127866995457474,0.0187648500502675
Anxa3,1.34552273819607,0.520672234819485,0.208355001443765,2.49896681726652,0.0124555973374175,0.018296951766236
Acsl5,1.42018504780853,0.520658592783284,0.207753679477279,2.50613415893905,0.0122059297089718,0.0179554609217509
Cnpy2,1.41581265536378,0.520617771095483,0.207773436500614,2.50569938036301,0.0122209475086324,0.0179750200042437
2610001J05Rik,1.40363941588856,0.520583319388965,0.207794807969324,2.50527587515958,0.0122355916501797,0.0179940240636535
Fcgr4,1.3448809323763,0.520578801351492,0.208568283042325,2.49596340228706,0.0125615560882498,0.0184422226917913
Tnfrsf1b,1.34839440117223,0.520559348971547,0.207823796978663,2.50481107813169,0.0122516814914531,0.0180151485592635
F11r,1.34395511942443,0.520462318345328,0.208482167096544,2.49643566926427,0.0125448420815884,0.0184202744489146
Cxcr7,1.3495171388936,0.520374147754448,0.218910373636477,2.37711050011081,0.0174488601243779,0.0253289905031292
Itgal,1.88039898142831,0.518922780595549,0.193818152405959,2.67736934933033,0.00742027858313424,0.0111112605289618
Epas1,1.75254902575844,0.516512706930188,0.189887146760295,2.72010357595298,0.00652614709147784,0.00981460323178172
Zdhhc20,1.42543074566505,0.513120339466649,0.207875344125633,2.46840404101285,0.0135717034539317,0.0198944936898409
Slc39a7,1.39327252992205,0.513100792478461,0.207862286200463,2.46846506818281,0.0135693895334894,0.0198938950610348
Aldh1a1,1.34223545300511,0.513091568944803,0.208869908853015,2.45651262914024,0.0140292870917753,0.0205162848071347
Add1,1.392794409301,0.513024388459831,0.207805820337628,2.46876813953673,0.0135579033719347,0.0198798470790727
Tmem126a,1.4278643370692,0.51301283060855,0.20798380715593,2.46659986478627,0.0136402686990997,0.0199809744939807
Pgd,1.3809424075826,0.51300895170416,0.207954726434841,2.46692614541225,0.0136278462327559,0.0199655788198108
Stx4a,1.40886786607661,0.513007010553141,0.208079568576534,2.46543672722222,0.0136846342037411,0.0200403396110334
Eif4e2,1.44013925781427,0.512996280523061,0.207924595783028,2.46722268999085,0.0136165645757688,0.0199518504099686
Rnf149,1.36503963443834,0.512993925483673,0.208088103667099,2.46527272075277,0.0136909001371836,0.020043892502061
Arpc1a,1.39658020048032,0.512990301419941,0.207904845504534,2.46742830921059,0.0136087469014684,0.0199431945046786
Cebpg,1.39636243732747,0.5129719518994,0.207886926613767,2.46755272327658,0.013604018585196,0.0199390641624942
Snx10,1.37216147356005,0.512890040844831,0.208353801094016,2.46163035256266,0.0138307128921983,0.0202372309172459
Vps25,1.41941872587744,0.512885263982701,0.208035120810059,2.46537825914009,0.0136868677098461,0.0200407992834212
Rassf4,1.37480353016113,0.512764275278519,0.208373686380259,2.46079187917605,0.013863075755095801,0.0202817419959641
Gm13889,1.34101297857331,0.512742769450728,0.213176966954024,2.40524469776002,0.0161616400540842,0.0235291482589094
LOC100038947,1.44531622112746,0.512219949086625,0.200650725184589,2.55279390899489,0.0106862706720221,0.0157777776574615
Cbfb,1.49448174796176,0.511771120942369,0.204085989616642,2.50762495702762,0.0121545597542512,0.0178824131671903
Timm13,2.08255985999556,0.510448938370597,0.192181665468536,2.65607511063102,0.00790560040128056,0.0118075061787366
Caprin1,1.53484836127209,0.508608776480335,0.201612125936,2.52270925728837,0.0116454640023612,0.0171420360580214
Tmed7,1.43560247693361,0.507530209421094,0.206573052347912,2.45690424599191,0.0140140034292585,0.0204968052397673
Cd28,1.39889381243379,0.505567024032622,0.208902870005685,2.42010568844202,0.0155159967441194,0.0226080957443973
Cmtm6,1.42538597110462,0.505402423066916,0.208025493012051,2.42952157328927,0.0151187651303167,0.022075654823046
Marcksl1,1.40515778763631,0.505379216417157,0.208964329287206,2.41849514766968,0.0155848534211928,0.0227052567286147
Prpf19,1.40880658025035,0.505330328979467,0.208032702270293,2.42909082785888,0.0151367397661545,0.0220955765042859
Litaf,1.36061536989751,0.505327165962236,0.208027101041259,2.42914102745686,0.0151346440117815,0.0220955765042859
Naa20,1.39256025993736,0.505304490781734,0.207933807490452,2.43012185887539,0.0150937470830814,0.0220451482299062
Cnih4,1.39270461902119,0.505301563419537,0.20825310859532,2.42638185248627,0.0152502149338515,0.0222456677252214
Casp8,1.43165030852528,0.505300739360588,0.208190987349945,2.42710189231792,0.0152199806282257,0.0222108747216489
Snrk,1.36837660111871,0.50525117911221,0.208101333633756,2.42790937611874,0.0151861373646246,0.0221645846619155
Picalm,1.38798424094137,0.505204109140865,0.208157792318303,2.42702472732001,0.0152232182416237,0.0222124945412372
Cisd1,1.38370122860131,0.505180857406276,0.208299096066038,2.42526668116753,0.015297145093652,0.0223110079320657
BC056474,1.75128523261694,0.50483143629222,0.191275334083028,2.63929188105918,0.00830794167355567,0.0123765569451942
Atg3,1.58339558182351,0.502416462970713,0.198031327673348,2.53705546932174,0.0111789239902011,0.0164795208214769
Fn1,1.36432370714482,0.502095142388542,0.205983400652448,2.4375514764693,0.0147871086909924,0.0216093805618646
Gm6654,1.43948552159434,0.501413447714384,0.201452025697361,2.48899680198626,0.0128104118059061,0.0187970062197695
Cr1l,1.43646985769779,0.500007676010151,0.206853015707453,2.41721240708087,0.0156398876144845,0.0227790773849355
Arl6ip1,2.69012865722378,0.497711156465767,0.191783138308048,2.5951768276225,0.00945422653289438,0.0140162063339133
March5,1.38570111282466,0.497704078283971,0.207980135033129,2.39303661479349,0.0167095734754285,0.0242997558272006
Rbm42,1.44879691080115,0.497693424388863,0.208141598089828,2.39112906288955,0.0167966472012118,0.0244195789974448
Lypla2,1.38921397951522,0.497657320636721,0.208022896119862,2.39231993169623,0.016742241208922,0.024343871618544
Ubtf,1.44037391885267,0.49765394092951,0.208321499537823,2.38887460983909,0.0169000692243548,0.024559677436284
Sema3c,1.33429480469923,0.497650826327297,0.209236807646496,2.37840957298523,0.0173875010118009,0.0252434307555558
Eif3b,1.40844404194367,0.497632416640649,0.208305758843856,2.38895179568064,0.0168965191393647,0.0245579367694511
Arf3,1.40829764123621,0.497566339566852,0.208195057243988,2.3899046699449,0.0168527465352955,0.0244977267931613
Cggbp1,1.44386469162349,0.497558763084661,0.208506405818032,2.38629964932056,0.0170188777626682,0.0247288912793676
Samhd1,2.10287773937625,0.497092220052023,0.193913302165191,2.56347663879479,0.0103629674507104,0.0153155974214916
Sf1,1.44704530301661,0.496977832317683,0.204257024123276,2.43310032764279,0.0149701522402056,0.0218707513836757
Zcrb1,1.48243226732334,0.494694736019313,0.206039532194074,2.40097000197684,0.0163516769100992,0.0237958610177636
Vps35,1.45090103272336,0.494628773089948,0.205670014733,2.40496298758997,0.0161741038135769,0.0235440105707952
Nfam1,1.36053481321496,0.492197504402185,0.206897515365527,2.37894352444309,0.017362335799591,0.0252104013557344
Ifi35,1.57686614711959,0.491670285124245,0.199938112737251,2.45911236428631,0.0139281017619317,0.0203740202318294
Limd1,1.39421969928287,0.489966176530627,0.20833693788129,2.35179695695542,0.0186829701007112,0.0270710815550322
Vmp1,1.39012859220431,0.489962285428528,0.208339338953682,2.35175117617829,0.0186852695101113,0.0270710815550322
Ubac2,1.39378734409045,0.489944509349979,0.208315546758444,2.35193444259878,0.0186760661624191,0.0270652596801299
Fyn,1.40974354701619,0.489939571890338,0.208524893924841,2.34954955578075,0.0187961419003388,0.0271826736998943
Rps6kb1,1.4097871340729,0.489935562590135,0.208407443501523,2.35085443378876,0.018730359712834,0.027117591929273
Med10,1.44140654633668,0.489924975515552,0.208481921291595,2.34996383609836,0.0187752351256338,0.0271599632411829
Ifrd1,1.37348390935856,0.489918382736514,0.208353624734581,2.35137921579533,0.0187039609673842,0.0270906426886087
Gramd1a,1.42157300005249,0.48990908410878,0.208691265342128,2.34753037366285,0.0188983322500507,0.0273115432849569
AI467606,1.44136161187279,0.489902341718882,0.208513793971203,2.34949608075588,0.0187988420160578,0.0271828131090919
Ttc35,1.39324202953392,0.489866157419912,0.208305644611313,2.3516701063669,0.0186893419725199,0.027073224669503
Hadhb,1.40075239536317,0.489833951292626,0.208342159036716,2.35110336552816,0.0187178333370289,0.0271032149845467
Bak1,1.34540596072694,0.489820996730657,0.208168971231627,2.35299715338286,0.0186227766545398,0.0269917795742601
Celf1,1.40511935009982,0.48981593310769,0.208378516266723,2.35060668385185,0.018742833900186,0.0271281278133844
Lamtor3,1.36876201809262,0.489812241261322,0.20814230634487,2.3532565284914,0.0186097905357089,0.0269767027482367
Nrbp1,1.40460386381872,0.489792683964435,0.208484077938806,2.34930498677314,0.0188084937017527,0.0271930029422931
Rnase4,1.32967376192059,0.489791150831196,0.209032190871846,2.34313743155224,0.0191223378777222,0.0276199788936663
Pnpla8,1.36054112513639,0.489786143941991,0.208379024775631,2.35045799100635,0.0187503240609084,0.0271352069858447
Smap1,1.40744847621513,0.489781542723899,0.208382327634763,2.3503986556017,0.0187533137164204,0.027135772030413
Snx6,1.42727577430719,0.489743711014134,0.208571737175424,2.34808281144163,0.0188703253302279,0.0272748437557218
Tpd52l2,1.39234142710655,0.489742835040066,0.208382307619814,2.35021312813939,0.0187626643366616,0.0271455398662343
Pbrm1,1.40004466269597,0.489738062856328,0.208334958969553,2.3507243588816,0.0187369080670347,0.0271233111785693
Phlda1,1.34091980905767,0.489702804597158,0.209238970207205,2.34039961156478,0.0192631163309786,0.0278079278892999
Cx3cr1,1.35196346164692,0.489689515111926,0.209156443374586,2.34125952426397,0.0192188024431077,0.0277477938744357
Lhfp,1.32873377060771,0.489561185096129,0.211047145029525,2.31967689033482,0.0203583628948062,0.0293524801300617
Fdps,1.36808629638798,0.489535369768537,0.21110658202718,2.31890150021713,0.0204003777752477,0.02940493496805
Gorasp2,1.40094002943499,0.484578271801916,0.206905899963442,2.34202249374008,0.0191795589569001,0.0276987958929363
Ogdh,1.41271740318109,0.484556855737469,0.207112613345832,2.33958158274198,0.0193053546712768,0.0278611975073445
Atp6v0d2,1.33839686964166,0.484054611774089,0.208767029916386,2.31863533225509,0.020414817639346,0.029417625418188
Dhrs7,1.35960782335881,0.482267968520566,0.208291140332966,2.31535516944999,0.0205935028120126,0.0296710142640645
1600010M07Rik,1.3389544071788,0.482161682414678,0.208751864397441,2.30973593364749,0.0209027781244871,0.0300502621343494
Dpm1,1.4286399319823,0.482104793934156,0.208444732159558,2.31286628805336,0.0207299918343819,0.029847071404075
Grpel1,1.38934413118693,0.482054138717033,0.208288093976489,2.31436242712675,0.0206478500794675,0.0297411085581734
Tm9sf2,1.42499593492951,0.482050408523483,0.208519071642441,2.31178090678478,0.020789760124516,0.0299166224259059
Ict1,1.43645052399283,0.482034637345747,0.208499602341785,2.31192113525266,0.0207820297749379,0.0299096210160396
Nbl1,1.32638822781544,0.482029726080834,0.210601171622786,2.288827371503,0.0220893844622648,0.031690693113377
Fam162a,1.42415871432475,0.482000287328982,0.208549445920376,2.31120387398684,0.0208215964923619,0.0299583058682826
Flii,1.37683862297128,0.481998587556197,0.208333944382448,2.31358643443803,0.0206904185147087,0.0297942026611805
Lmo2,1.44460699421385,0.481984885030891,0.208905961378654,2.30718588330404,0.0210444597289254,0.0302414534852004
Dhx15,1.41606318045125,0.481973468438259,0.208581516419393,2.31071993679995,0.020848329294203,0.029986400187041
Ogfr,1.3768079945839,0.481967315196294,0.208302334104366,2.3137873959435,0.0206793870848489,0.0297824253229167
Riok3,1.40858831876433,0.481948944460119,0.208567735160836,2.31075503643201,0.0208463893767365,0.029986400187041
Qdpr,1.39610819258292,0.481937488287689,0.208615507987027,2.31017095966642,0.0208786911296477,0.0300239029467661
Fam54b,1.38430877574719,0.481927329469528,0.20842384469831,2.31224661538659,0.0207640967466103,0.0298920532314687
Sla,1.43876629801681,0.479285983827903,0.206108611835875,2.32540493848729,0.0200503176656127,0.028912336523342
Cltb,1.39594828374368,0.476863771455064,0.207236028807719,2.30106595942116,0.0213879030792375,0.0307180778851616
Pum2,1.4046247895543,0.476859107143424,0.20704622892008,2.30315282548561,0.0212702459948595,0.0305532977691708
Sdhd,1.41557526169859,0.476740853120085,0.207250909247697,2.30030765534691,0.0214307962796981,0.0307754488528264
Serpinb6a,1.34788673951697,0.476679733664988,0.207246255624098,2.30006439551596,0.0214445720450907,0.0307909960322854
Gps2,1.43521097445505,0.474422988403669,0.204555219469487,2.31929055457047,0.0203792872364334,0.0293785913764657
Hipk1,1.4064147967743,0.474282956596924,0.208543704461363,2.27426168448444,0.0229502574216419,0.0329167038716776
Cxcl12,1.3270741819831,0.474277335231795,0.209372116316046,2.26523638188705,0.0234981776528994,0.0336148225125061
Mrps18a,1.38963244661752,0.474234960986213,0.20858409970993,2.27359113971637,0.0229905806839274,0.0329609533562485
Pea15a,1.36189162069306,0.474192289384168,0.208554608072186,2.27370804110949,0.0229835463837713,0.0329553940731456
Irf3,1.43235402932848,0.474189098183424,0.208711824219623,2.27198003733821,0.0230877160821115,0.033064502917585
Arid1a,1.42835933964374,0.4741728540929,0.208801947773469,2.27092160369756,0.0231517241939771,0.0331328307861714
Etf1,1.41646219013662,0.474142650370885,0.208624548998102,2.27270785076784,0.0230437912427665,0.033021965675766
Derl2,1.37701404080309,0.474135665849781,0.208491383407057,2.2741259523617,0.0229584147209443,0.032923880451464
Hectd1,1.42056759364496,0.47412647541206,0.208620473594805,2.27267471520047,0.0230457894553287,0.033021965675766
Pdcl3,1.41244099376996,0.474111885973848,0.208580132507456,2.27304432245914,0.023023509120264,0.0330036297151663
Rbm26,1.39235632087345,0.474096573999098,0.208580506800649,2.27296683314811,0.0230281787112044,0.0330057915630112
Rpl31-ps12,3.37875219328518,0.474067536695481,0.196356237887502,2.41432379126701,0.015764446089366,0.0229572907201814
Copa,1.41512199490074,0.474041474549703,0.208725511506142,2.2711237889852,0.023139485272565,0.0331198555313379
Pnp,1.37609774357159,0.474022068925907,0.208590444261953,2.27250136315266,0.0230562457581757,0.0330324146720673
Ppp4c,1.79096980659968,0.473191006866323,0.187758841095518,2.52020626088973,0.0117286084379407,0.0172605965734565
1110007C09Rik,1.50676580608972,0.472457560515115,0.196983420501962,2.39846358293088,0.0164640135289855,0.0239560001731859
Cebpz,1.45977735143,0.471874705541648,0.206163794398842,2.28883401626168,0.0220889982375633,0.031690693113377
Ssh2,1.40025847808955,0.468948409006906,0.207492493219559,2.2600740958406,0.0238166525479105,0.0340610756986555
Prkch,1.38568458631284,0.466334295322405,0.208890946216104,2.23242942678793,0.0255865947362722,0.0364774066703103
Csnk1d,1.41740654121975,0.466309847661013,0.208625448847191,2.23515323867591,0.0254072902091344,0.0362762732198254
Carhsp1,1.31829905519786,0.466282901557728,0.208698341026089,2.23424345045196,0.0254670589197993,0.0363516673670638
Vav1,1.38581895344097,0.466277923910422,0.208692485662162,2.23428228587611,0.0254645051357774,0.0363516673670638
Ubap2l,1.40113266099124,0.466273721852297,0.208857990987848,2.23249165448224,0.0255824861920494,0.0364774066703103
Pik3r1,1.42845987932623,0.466270658933478,0.208858173427218,2.23247503931639,0.0255835831420304,0.0364774066703103
Lilrb4,1.33367421735054,0.466258777115654,0.208844450602589,2.2325648384256,0.025577654998704,0.0364774066703103
Ak2,1.41225396913103,0.466255946289987,0.208761327029674,2.23344023016155,0.0255199277043949,0.0364171740341556
Denr,1.41679193661434,0.466245294202352,0.208811942568635,2.23284783651252,0.025558980479158,0.0364629347092661
Spr,1.3495615967257,0.466233044072065,0.208805913986496,2.23285363508535,0.0255585979654291,0.0364629347092661
Gm16517,1.35733844749499,0.466229434750141,0.208584362727043,2.23520799284584,0.0254036969990237,0.0362761040445641
Vamp3,1.35723360453766,0.466212388331526,0.208567210232474,2.23531008451365,0.0253969984678285,0.036271499863766
Sirpb1b,1.32555441092228,0.466209675062126,0.208875384598934,2.23199912214311,0.0256150209525766,0.0365129463059666
Dnajc19,1.40085541551775,0.466193295944734,0.208725378739261,2.23352473360272,0.0255143611352736,0.0364142078266926
Mgat2,1.40360342439545,0.466132382649363,0.208981200390406,2.23049911560734,0.0257143261042263,0.0366381381088919
Idh1,1.32416757729653,0.466054256951122,0.208900736626918,2.23098426782219,0.0256821711310456,0.0365986713906793
Wipf1,1.47225799462366,0.464177763904471,0.206184825956931,2.25127024624708,0.0243684261034347,0.0348311019331679
Cfh,1.33023668225743,0.461309708578543,0.208678719963245,2.21062170910284,0.0270620441448264,0.0385125055714269
Ywhag,1.39226608790517,0.461181695352428,0.207418605383052,2.22343455882724,0.0261865115454481,0.0372817646985515
Rnf138,1.39484159460564,0.458459181282843,0.20898183652187,2.1937752529745,0.0282515707415465,0.0401233027536043
Ddah2,1.31510920753483,0.458415385419526,0.209170646009955,2.19158564628475,0.0284094393103602,0.0403091256319871
Becn1,1.37008415649246,0.458395292015708,0.208764691413792,2.19575105786028,0.0281097664688568,0.0399654040494164
Cxx1a,1.32649281952076,0.458363895223138,0.209235653881532,2.19065865076064,0.0284765034443829,0.0403878136067596
Mocs2,1.35013815219835,0.45834242463194,0.208602134728462,2.19720869697027,0.0280055447629248,0.0398226487775721
Trnau1ap,1.38125555452273,0.458334010719552,0.208845396214637,2.19460911768679,0.0281916489487559,0.0400643466303584
Isg15,1.33405911404141,0.458333916922491,0.210089231824017,2.1816154637874,0.0291379246360805,0.0412810331389171
Srpk2,1.3973234391784,0.458326498647311,0.208996897443979,2.1929823086018,0.0283086537547559,0.0401733856453959
Mllt10,1.39329954910261,0.458320943987582,0.208930307714456,2.19365466409003,0.0282602453752581,0.0401247057959601
Gps1,1.37717762295291,0.458299654967989,0.208836476422807,2.19453834319691,0.0281967305699444,0.0400643466303584
Bccip,1.41258638022209,0.458277556459361,0.208904510050244,2.19371786826976,0.0282556984585136,0.0401237067337979
Obfc2b,1.38904061378652,0.45827510250734,0.208778424956399,2.1950309405919,0.0281613783541781,0.0400302418482092
Chmp2b,1.37696060863739,0.45827199473409,0.208779211062742,2.19500779029369,0.0281630389248177,0.0400302418482092
Pigt,1.36913169282947,0.458270724291779,0.208825698976884,2.19451306298516,0.0281985458850454,0.0400643466303584
Sema4a,1.34497280515511,0.458253396345633,0.20890869905866,2.19355823099046,0.028267183999541,0.040129099939517
Adam15,1.31372413996476,0.458252585470799,0.209156267831047,2.19095793887931,0.0284548363464377,0.040362566774023
Arhgef2,1.34487774992815,0.458252004246336,0.208887277218419,2.19377652075562,0.0282514795551412,0.0401233027536043
Ebp,1.3924858802726,0.458250090103597,0.208854578525935,2.19411081786121,0.028227443755075,0.0400999473129655
Ssna1,1.41634506941698,0.458244512733726,0.20910308503172,2.19147657560486,0.0284173230349472,0.0403148325159463
Sept11,1.39202866980262,0.458241357745021,0.208959751958586,2.19296469032869,0.0283099231985802,0.0401733856453959
Nceh1,1.33569244353469,0.45799744450589,0.209846753559686,2.18253290430639,0.0290702255516893,0.041196301718425
F13a1,1.31499925675214,0.457680417589782,0.211895412405436,2.15993547191133,0.0307776652748828,0.0435627474877679
Cxx1b,1.39281401529489,0.45739466459823,0.20271615264265,2.25633063096127,0.0240499324394407,0.034380568898776
Skp1a,1.58340042466221,0.455213198472448,0.195536083192858,2.32802657718918,0.0199106924694396,0.0287229002875431
Igfbp6,1.32745155277333,0.453693347964396,0.215575835515608,2.10456495218616,0.035329195135392,0.0496015058113895
Osbpl9,1.40087309694523,0.453383272895781,0.207484647470051,2.1851413028582,0.0288784876778743,0.0409356974008158
Nucb1,1.39578464696446,0.453336877105217,0.207666418074758,2.18300523169818,0.0290354247420491,0.041152570500542
Lbh,1.84173903145143,0.451746764410214,0.191868076289032,2.35446549080784,0.0185493659676342,0.026892845535634
Nfib,1.3115110808949,0.450462990069053,0.209037501870444,2.15493864037965,0.0311666361309204,0.0440714724646904
Osm,1.31932234703691,0.450439358150841,0.209646278643075,2.1485683460078,0.0316686331578453,0.0446784500226899
BC013529,1.33851739451151,0.450424366726108,0.208738502172772,2.1578403698293,0.0309402449755424,0.0437869266022317
Fas,1.33441768881106,0.450413730709531,0.208930078537842,2.1558108524233,0.0310984377258939,0.0439929119049231
Rasip1,1.31108235548353,0.450413688383914,0.209287907737703,2.15212476082665,0.031387529455045,0.0443143763948704
Sox18,1.31108032281642,0.450411533911045,0.209479416111334,2.1501469799384,0.0315435904936442,0.0445080530819902
Dph3,1.37015457308631,0.45040620594421,0.208850909311193,2.15659202744046,0.0310374662812622,0.043914086371637
Mrps26,1.42564550470164,0.450384240954893,0.209054354089651,2.15438823513692,0.031209738425759002,0.0441204697582836
Irf1,1.40182489325635,0.45037683994145,0.209385578128737,2.15094489298849,0.0314805495469483,0.0444251064166181
Mark2,1.40156831530828,0.450361168974844,0.209019264965659,2.15463952114097,0.0311900538498523,0.0440986135146882
Nudt4,1.33027626805693,0.450347373037768,0.208824924608914,2.15657864539482,0.0310385098981139,0.043914086371637
Rraga,1.41278265963704,0.450330213275214,0.2090590336916,2.15408157840972,0.0312337749283068,0.0441424949575637
Acat1,1.39320010303041,0.450315731116347,0.208907739549791,2.15557227361134,0.0311170795059782,0.0440133193391699
9530068E07Rik,1.35751257160844,0.450299733098546,0.208912949522366,2.15544193946837,0.0311272674462052,0.044021765393983
Psmc1,1.40867366574645,0.450294882179755,0.209256329979133,2.15188177210534,0.0314066672400772,0.0443328293653875
Mrpl28,1.41224964552476,0.450291834009924,0.209090229447499,2.15357664105003,0.0312733877620597,0.0441745593608311
Rnps1,1.40503844871696,0.450275637972692,0.20905912650647,2.1538195700763,0.0312543243629616,0.0441595813167302
Nfic,1.32178204643616,0.450274524295521,0.20915364060187,2.1528409594009,0.0313311798652815,0.0442502053292125
Ppp3ca,1.40121540850806,0.450263896827725,0.209220553650178,2.15210164093428,0.0313893499463665,0.0443143763948704
Camkk2,1.33722554472159,0.450257504287345,0.209041434316257,2.1539151114231,0.0312468296675447,0.0441549677489398
Fam134a,1.36486774662271,0.45022528162757,0.209058280095269,2.1535874179314898,0.0312725418550959,0.0441745593608311
Krt79,1.3203482010234,0.44524471974191,0.20936561815254,2.126637237149,0.03345023603787,0.0471409913924626
Slfn1,1.33146422080961,0.442434837272753,0.209263127205522,2.114251293006,0.0344938100251276,0.0484938562701767
Nemf,1.40180145694077,0.442411431507723,0.209212185845232,2.1146542192098,0.0344594289294187,0.0484716300219795
Smarcb1,1.38242648285128,0.442402141265571,0.209045306036333,2.11629789567569,0.0343194796141729,0.0483168650089009
Pts,1.38199540176197,0.442343480731274,0.209129848377237,2.11516186791929,0.0344161537018416,0.0484305486096076
Dynll2,1.33810018078471,0.442338142961924,0.20897451053689,2.11670859678285,0.0342845867831633,0.048277729432995
Aip,1.42129288147472,0.442297561049795,0.209145566752621,2.11478334404739,0.0344484170949337,0.0484626700540504
Tomm34,1.40872739557067,0.44229698936091,0.209166608495466,2.11456786789417,0.0344667946932551,0.0484754595982194
Gm5506,1.32204995142545,0.442276644172253,0.208988510054653,2.11627253601929,0.0343216351442538,0.0483168650089009
Abhd12,1.46019793453685,0.442273527357588,0.197703596388988,2.23705352576086,0.0252828419136502,0.0361134039647706
Drg1,1.40493336234885,0.442266380554835,0.209176000768406,2.11432659067089,0.0344873827613547,0.0484913503068745
Tardbp,1.40490687020262,0.442256169846047,0.209161664527123,2.11442269235096,0.0344791811931153,0.0484863485528184
D17Wsu104e,1.38445582002402,0.442227969947463,0.209175491857661,2.11414810607157,0.0345026195253053,0.0484997102254191
Itpripl2,1.30574464878908,0.442227502575518,0.209023529779495,2.11568287571278,0.0343717879515728,0.0483809446156694
Tm2d1,1.38467722601001,0.4422250924924,0.209093769781926,2.11496063681677,0.0344333023717452,0.0484479348734528
Commd6,1.40020423824693,0.442203874039528,0.209183108077751,2.11395594081701,0.0345190305997251,0.0485162465618108
Gns,1.33702294986204,0.442179383159508,0.209052444090861,2.11516007422196,0.0344163065263102,0.0484305486096076
Atp6v1c1,1.35276830626073,0.442175831879445,0.209366875199007,2.11196652507303,0.034689320607441,0.0487293470319812
Ppp1r14b,1.37193523817689,0.442152395875128,0.209347138786974,2.11205368478931,0.0346818449089262,0.0487254018098761
Nrm,1.3880959041975,0.44206189211005,0.2100711906606,2.10434325011403,0.0353485158841878,0.0496219585627163
Neat1,2.04290480526501,0.441520511565652,0.190961592600301,2.31209064374422,0.0207726886558727,0.029900299126887
Ppp1r2,1.88137072074012,0.440128063934617,0.185343208041939,2.37466518781215,0.0175648747660359,0.025490310336032
Mgst3,1.32051368211393,0.437415808647323,0.207886470347619,2.10410907413019,0.0353689334925766,0.0496439453700592
Eif4h,1.87161302668445,0.43251910195855803,0.188440950458106,2.29525005529366,0.0217187980787356,0.0311718795631014
Pcnp,1.51481551752748,0.426396761920424,0.200492129177451,2.12675062941263,0.0334408083745542,0.0471340676968201
Tm9sf3,1.68919479769487,0.418613044094816,0.192074075271406,2.17943542616724,0.0292993368124792,0.04149282098783
Rpl34-ps1,1.71874356027245,0.415516394280955,0.185330461867599,2.24202967010249,0.0249594547845941,0.0356612437321969
Rab11b,1.83542861953494,0.414877549816331,0.189739149506235,2.18656798502565,0.0287740766218533,0.0407932319299496
Rpl32,35.5926009607146,-1.02846327535803,0.263489666653783,-3.90323950240294,9.49136969626111e-5,1.5589977915192e-4
Ly6d,5.53957622759552,-0.988493265301115,0.274799893729126,-3.59713845550278,3.2173724467314e-4,5.1859453981591e-4
Ms4a1,2.9260645244833,-0.947661968161503,0.231889501332459,-4.0866963045595,4.37559274682305e-5,7.26944434704529e-5
Rps9,26.6184641378339,-0.918174871643831,0.243664134497392,-3.76819868684308,1.6442980604703e-4,2.678076716273e-4
Il21r,1.74443217295677,-0.72699510835288,0.199810217512,-3.63842809144241,2.743071938287e-4,4.4337623526422e-4
Btla,1.56166789952954,-0.723017518614799,0.204341248595082,-3.53828472511448,4.0273552944638e-4,6.4665624844974e-4
Rel,1.55721579839192,-0.711511953327191,0.206139215158373,-3.45160891769452,5.5725479224339e-4,8.8861158256011e-4
Mll1,1.65869237958618,-0.662448472753474,0.205167702113979,-3.22881460350644,0.00124304450946899,0.00195207350764985
Grpel2,1.35790704460566,-0.551095442924156,0.193209589380325,-2.85231931133266,0.00434014789971161,0.00660512304270979
Ptcd3,1.31837453443333,-0.537693740468969,0.20368744107503,-2.63979820076832,0.0082955406625054,0.0123598465129951
Map4k2,1.29545117049888,-0.534691156247334,0.203496956916768,-2.62751426040257,0.00860112366192243,0.0127987073874672
Cox10,1.30915888015655,-0.504561044411331,0.19890497733016901,-2.53669390873911,0.011190474986552,0.0164942198022876
Mudeng,1.30824918770923,-0.504208347256351,0.198454768052171,-2.54067136912429,0.0110639858703774,0.0163169956896087
Usp25,1.50109211796694,-0.504081052981522,0.201416638793439,-2.50267830900742,0.0123257519937477,0.0181138585043251
Sidt1,1.33653480405308,-0.501487659023765,0.201342882394555,-2.4907146111132,0.0127486476273502,0.0187116380190547
Ubxn2a,1.50407751320641,-0.498292421972605,0.198990845580227,-2.50409721371684,0.0122764297846259,0.0180464554986616
Nup107,1.30519382311931,-0.49084106022292,0.202689297612878,-2.42164271130087,0.0154505330437742,0.0225221397622176
AW549877,1.2960061924945,-0.486040827256257,0.202809206979912,-2.3965422206123,0.0165505866208711,0.0240786126424044
Nrbf2,1.42853114869827,-0.482605363993977,0.189742639149384,-2.54347344464848,0.0109756399472106,0.0162004356070802
Gbf1,1.42911382947333,-0.475392238085879,0.195537228785126,-2.43121088009426,0.0150484531091659,0.0219820694640677
Uchl3,1.68049013639901,-0.472540126871085,0.195411563515361,-2.41817893665203,0.0155984041646147,0.0227218277492085
Nefh,1.25649589065139,-0.47047558249651,0.197522416497965,-2.38188450120221,0.0172242987769764,0.0250169281067938
Enox2,1.31338018551137,-0.47039065368954,0.200058781093757,-2.35126221962281,0.018709843546624,0.0270954038877452
Snrpa,1.50564661900655,-0.469551072394287,0.197275442631376,-2.38018004740548,0.017304180881279,0.0251294545000074
Zfp606,1.27592778271723,-0.467670256891412,0.200919254893118,-2.3276527535412,0.0199305498166666,0.0287475739273278
Chchd3,1.66820054131209,-0.465484771215249,0.19891015013115,-2.34017605893081,0.019274651285695,0.0278207326728405
Spg7,1.42047676497019,-0.460169288696076,0.196489793700951,-2.34195008315004,0.0191832803992463,0.0277003385018162
2610002I17Rik,1.29073047310086,-0.456610911124082,0.202070482959619,-2.25966160141919,0.0238422611934703,0.0340930292918546
Tmem50b,1.32831998320833,-0.453993205125077,0.201741563366094,-2.25037021400112,0.0244254541688272,0.0349030579691427
Dut,1.50999070081577,-0.448652989467548,0.198109562946283,-2.26467103755713,0.0235328740561123,0.0336598445192235
1300002E11Rik,1.33251756853436,-0.445853519353819,0.199081601608399,-2.23955159970448,0.0251200478807055,0.0358857826867221
A630089N07Rik,1.24944764335063,-0.445209102224128,0.197784079531611,-2.25098553573404,0.0243864535100672,0.0348520978295826
Tas2r137,1.23723850994357,-0.44083074045037,0.197816655282236,-2.22848141791404,0.0258484291202231,0.0368154979556793
Epb4.2,1.23679209082491,-0.440738746458453,0.197599885601419,-2.23046053451403,0.0257168846802643,0.0366381381088919
Chchd8,1.31014991552815,-0.440290065277406,0.199425634779891,-2.20779071739378,0.027258865453274,0.0387873184315361
Klra8,1.38261980419095,-0.439199033107631,0.20452751119709,-2.14738364798466,0.0317627513734692,0.0447991251471248
Ebf1,1.33788473978182,-0.438204287752913,0.202829167113988,-2.16045992786947,0.0307370825251393,0.0435112056355871
Aga,1.38466437770426,-0.427824245452825,0.194625784198622,-2.1981889358309,0.0279356448059169,0.0397286652736375
Olfr1140,1.23289228982748,-0.425555970552281,0.199319770333513,-2.13504144541315,0.0327576248669814,0.0461836061595254
Adat3,1.25677597986135,-0.424039195287282,0.199465090597703,-2.12588174710992,0.0335131070759787,0.0472232201205585
Seh1l,1.42128988127979,-0.421724233654929,0.200567066408439,-2.10265943061719,0.0354955508041569,0.0498031754614406
Med13l,1.3973875923608,-0.421064194627481,0.19601407038681,-2.14813249781795,0.03170323122793,0.0447212179461679
Zfp386,1.35031452979065,-0.419611940660323,0.190626368131564,-2.20122716900697,0.0277199458313903,0.0394272799018684
1190005I06Rik,1.24456801435009,-0.419528766905895,0.197423147992608,-2.12502318584041,0.0335846782723458,0.0473176843675156
Mfng,1.40657828074723,-0.415482947199744,0.196979253236681,-2.10927262832354,0.0349210560120321,0.0490350806678702
